kev_01.gpx	7.1830068	50.6775528	7.2863739	50.9011481	<1 Wanderweg 1 des KEV	kev_01.htm
kev_02.gpx	7.0979222	50.9074527	7.2665937	50.9287237	<2 Wanderweg 2 des KEV	kev_02.htm
kev_03.gpx	7.0979222	50.8774739	7.320209	50.9349236	<3 Wanderweg 3 des KEV	kev_03.htm
kev_04.gpx	7.0979222	50.9148124	7.3779635	51.050359	<4 Erna-Schreiber-Weg	
kev_04a.gpx	7.2536368	51.0441721	7.2683933	51.0539083	<4a Wanderweg 4a des KEV	
kev_05.gpx	7.0979222	50.903664	7.3453031	50.961461	<5 Wanderweg 5 des KEV	
kev_05a.gpx	7.0787381	50.910343	7.2515597	50.9492624	<5a Wanderweg 5a des KEV	
kev_06.gpx	7.0787381	50.9330376	7.2914998	50.9742112	<6 Wanderweg 6 des KEV	
kev_07.gpx	7.0755212	50.9488794	7.1327131	51.0555922	<7 Wanderweg 7 des KEV	
kev_08.gpx	7.1249585	50.9908978	7.1957625	51.1055161	<8 Wanderweg 8 des KEV	
kev_09.gpx	7.1249585	50.9720958	7.4669532	50.9993973	<9 Wanderweg 9 des KEV	
kev_10.gpx	7.0444303	51.0177484	7.1461449	51.0845325	<10 Schlebusch - Altenberg - Burscheid	
kev_11.gpx	7.029719	51.0177484	7.1212995	51.0842878	<11 Schlebusch - Quettingen - Burscheid	
kev_12.gpx	7.1961089	50.9115339	7.4751819	50.9950143	<12 Wanderweg 12 des KEV	
kev_13.gpx	7.1528707	50.9611475	7.3212944	51.0149454	<13 Wanderweg 13 des KEV	
kev_14.gpx	7.0866657	50.9149494	7.1460016	50.9784988	▶14 Königsforst-Thielenbruch	
kev_15.gpx	7.0444303	50.9197851	7.1141017	51.019321	▶15 Wanderweg 15 des KEV	
kev_16.gpx	7.0792271	50.9491005	7.0991196	50.9590893	▶16 Wanderweg 16 des KEV	
koelnpfad.gpx	6.8500001	50.8273734	7.178528	51.0624619	Kölnpfad	
